{
	"format_version": "1.8.0",
	"animations": {
		"animation.oni.walking": {
			"loop": true,
			"animation_length": 1.3333,
			"bones": {
				"oni": {
					"rotation": {
						"0.0": [0, 0, 0],
						"0.25": [0, 0, "math.sin(query.anim_time * 200) * 2"],
						"0.75": [0, 0, "math.sin(query.anim_time * 200) * 2"],
						"1.3333": [0, 0, 0]
					}
				},
				"legs": {
					"rotation": {
						"0.0": [0, 0, 0],
						"1.3333": [0, 0, 0]
					}
				},
				"leftLeg": {
					"rotation": {
						"0.0": [0, 0, 0],
						"0.3333": [-20, 0, 0],
						"0.4167": [0.3125, -0.00001, 6.56327],
						"0.8056": [1.7644, 0.14066, -0.30871],
						"1.0": [2.5, 0, 0],
						"1.3333": [0, 0, 0]
					},
					"position": {
						"0.0": [0, 0, 0],
						"1.3333": [0, 0, 0]
					}
				},
				"rightLeg": {
					"rotation": {
						"0.0": [0, 0, 0],
						"0.3333": [0, 0, 2.5],
						"0.9167": [-19.04566, -0.81627, 4.51193],
						"1.0": [-27.5, 0, 7.5],
						"1.125": [1.24094, 0.14253, -1.71535],
						"1.3333": [0, 0, 0]
					},
					"position": {
						"0.0": [0, 0, 0],
						"0.9167": [0, 0, -1],
						"1.3333": [0, 0, 0]
					}
				},
				"rightArm": {
					"rotation": {
						"0.0": [0, 0, 0],
						"0.4167": [0, 0, 0],
						"0.4861": [0, 0, "math.sin(query.anim_time * 1500) * 3"],
						"0.5278": [0, 0, 0],
						"1.2222": [0, 0, 0],
						"1.2917": [0, 0, "math.sin(query.anim_time * 1500) * 3"],
						"1.3333": [0, 0, 0]
					}
				},
				"leftArm": {
					"rotation": {
						"0.0": [0, 0, 0],
						"0.4167": [0, 0, 0],
						"0.4861": [0, 0, "math.sin(query.anim_time * 1500) * 3"],
						"0.5278": [0, 0, 0],
						"1.2222": [0, 0, 0],
						"1.2917": [0, 0, "math.sin(query.anim_time * 1500) * 3"],
						"1.3333": [0, 0, 0]
					}
				},
				"head": {
					"rotation": {
						"0.0": [0, 0, 0],
						"0.3333": [-7.5, 0, 0],
						"0.4028": [-2.08, 0, 0],
						"0.4722": [0, 0, "math.sin(query.anim_time * 800) * 3"],
						"0.5417": [0, 0, 0],
						"0.5833": [0, 0, 0],
						"1.0": [-5, 0, 0],
						"1.1944": [-2.08, 0, 0],
						"1.2639": [0, 0, "math.sin(query.anim_time * 800) * 3"],
						"1.3333": [0, 0, 0]
					}
				},
				"torso": {
					"rotation": {
						"0.0": [0, 0, 0],
						"0.1667": [7.5, 0, 0],
						"0.375": [3.33, 0, 0],
						"0.4444": [0, 0, "math.sin(query.anim_time * 500) * 3"],
						"0.5": [5.12, 0, 0],
						"0.6667": [7.5, 0, 0],
						"1.0": [7.5, 0, 0],
						"1.2083": [3.33, 0, 0],
						"1.2778": [0, 0, "math.sin(query.anim_time * 500) * 3"],
						"1.3333": [0, 0, 0]
					}
				},
				"lowerBody": {
					"rotation": {
						"0.0": [0, 0, 0],
						"0.3333": [0, 0, -2.5],
						"0.4167": [0, 0, "math.sin(query.anim_time * 500) * 3"],
						"0.5833": [0, 0, 0],
						"1.1806": [0, 0, 2.19393],
						"1.25": [0, 0, "math.sin(query.anim_time * 900) * 3"],
						"1.3333": [0, 0, 0]
					}
				}
			},
			"particle_effects": {}
		},
		"animation.oni.crystalsmash": {
			"animation_length": 2.5833,
			"bones": {
				"leftLeg": {
					"rotation": {
						"0.0": [0, 0, 0],
						"1.375": [1.36, 0, 0],
						"1.75": [20, 0, 0],
						"2.5833": [0, 0, 0]
					}
				},
				"rightLeg": {
					"rotation": {
						"0.0": [0, 0, 0],
						"1.375": [-1.5, 0, 0],
						"1.75": [-17.5, 0, 0],
						"2.5833": [0, 0, 0]
					}
				},
				"rightArm": {
					"rotation": {
						"0.0": [0, 0, 0],
						"1.0": [-127.84721, -12.06754, 3.28396],
						"1.5": [-150.34721, -12.06754, 3.28396],
						"1.75": [-101.91403, -31.70052, 7.42452],
						"2.0": [-100.91197, -21.89691, 5.2103],
						"2.0833": [-101.30277, -25.98333, 6.11359],
						"2.1667": [-101.18698, -24.67526, 5.83097],
						"2.5": [-101.91403, -31.70052, 7.42452],
						"2.5833": [0, 0, 0]
					}
				},
				"leftArm": {
					"rotation": {
						"0.0": [0, 0, 0],
						"1.0": [-125.41318, 8.17773, -5.77509],
						"1.5": [-150.41318, 8.17773, -5.77509],
						"1.75": [-101.59406, 30.43774, -9.27842],
						"2.0": [-101.9081, 32.88537, -9.87656],
						"2.0833": [-101.54799, 30.02937, -9.18379],
						"2.1667": [-101.86622, 32.55902, -9.7968],
						"2.5417": [-101.59406, 30.43774, -9.27842],
						"2.5833": [0, 0, 0]
					}
				},
				"head": {
					"rotation": {
						"0.0": [0, 0, 0],
						"1.0": [-10, 0, 0],
						"1.75": [17.5, 0, 0],
						"2.5833": [0, 0, 0]
					}
				},
				"torso": {
					"rotation": {
						"0.0": [0, 0, 0],
						"1.0": [-7.5, 0, 0],
						"1.7917": [-35, 0, 0],
						"1.8333": [-25, 0, 0],
						"1.875": [-15, 0, 0],
						"1.9167": [-12, 0, 0],
						"1.9583": [-11, 0, 0],
						"2.0": [-5.5, 0, 0],
						"2.375": [0, 0, 0],
						"2.5833": [0, 0, 0]
					}
				},
				"lowerBody": {
					"rotation": {
						"0.0": [0, 0, 0],
						"1.75": [0, 0, 0],
						"2.5833": [0, 0, 0]
					}
				}
			}
		},
		"animation.oni.idle": {
			"loop": true,
			"animation_length": 1.0417,
			"bones": {
				"rightArm": {
					"rotation": {
						"0.0": [0, 0, 0],
						"0.5": [0, 0, "math.sin(query.anim_time * 1000) * 1"],
						"0.75": [0, 0, 0]
					}
				},
				"leftArm": {
					"rotation": {
						"0.5": [0, 0, "math.sin(query.anim_time * 1000) * 1"],
						"0.75": [0, 0, 0]
					}
				},
				"torso": {
					"rotation": {
						"0.5": [0, 0, "math.sin(query.anim_time * 500) * 1"],
						"1.0": [0, 0, 0]
					}
				}
			}
		},
		"animation.oni.baseattack": {
			"animation_length": 0.8194,
			"bones": {
				"leftLeg": {
					"position": {
						"0.0": [0, 0, 0],
						"0.25": [0, 0, -2]
					}
				},
				"rightLeg": {
					"position": {
						"0.0": [0, 0, 0],
						"0.25": [0, 0, 1.5]
					}
				},
				"leftArm": {
					"rotation": {
						"0.4167": [-25, 0, 0],
						"0.4861": [-25, 0, 0],
						"0.5417": [-22.5, 0, "0+math.sin(query.anim_time * 2000) * 2"],
						"0.625": [-25, 0, 0]
					},
					"position": {
						"0.0": [0, 0, 0],
						"0.4167": [0, 2.42, 0],
						"0.4583": [0, 0.46, 0],
						"0.5": [0, -2.5, 0]
					}
				},
				"head": {
					"rotation": {
						"0.0": [0, 0, 0],
						"0.2917": [-9.69, 0, 0],
						"0.3333": [-22.5, 0, 0]
					}
				},
				"torso": {
					"rotation": {
						"0.0": [0, 0, 0],
						"0.25": [0, 0, "math.sin(query.anim_time * 1000) * 2"],
						"0.3333": [25, 0, 0],
						"0.5": [25, 0, 0],
						"0.625": [25, 0, 0]
					},
					"position": {
						"0.0": [0, 0, 0],
						"0.3333": [0, 0, -2],
						"0.4167": [0, -1.25, -2],
						"0.625": [0, -1.25, -2]
					}
				},
				"fl3": {
					"rotation": {
						"0.0": [0, 0, 0],
						"0.4167": [0, 0, 45]
					}
				},
				"fl2": {
					"rotation": {
						"0.0": [0, 0, 0],
						"0.4167": [0, 0, 50]
					}
				},
				"fl1": {
					"rotation": {
						"0.0": [0, 0, 0],
						"0.4167": [0, 0, -37.5]
					}
				}
			}
		},
		"animation.oni.summoning": {
			"animation_length": 1.75,
			"bones": {
				"leftLeg": {
					"position": {
						"0.0": [0, 0, 0],
						"1.2917": [0, 0, -2.25]
					}
				},
				"rightLeg": {
					"position": {
						"0.0": [0, 0, 0],
						"1.2917": [0, 0, 1.5]
					}
				},
				"rightArm": {
					"rotation": {
						"0.0": [0, 0, 0],
						"1.2917": [0, 0, 15]
					},
					"position": {
						"0.0": [0, 0, 0],
						"1.2917": [0, 0, 0],
						"1.5": [0, -1.75, 0]
					}
				},
				"leftArm": {
					"rotation": {
						"0.0": [0, 0, 0],
						"0.75": [0, 0, -140],
						"1.25": [-95, 0, -140]
					}
				},
				"torso": {
					"rotation": {
						"0.0": [0, 0, 0],
						"1.0": [0, 0, "math.sin(query.anim_time * 1500) * 1"],
						"1.2917": [0, 0, -12.5]
					},
					"position": {
						"0.0": [0, 0, 0],
						"1.5": [0, -1.75, 0]
					}
				},
				"fr1": {
					"rotation": {
						"0.0": [0, 0, 0],
						"1.5": [0, 0, 40]
					},
					"position": {
						"0.0": [0, 0, 0],
						"1.2917": [0, 0, 0]
					}
				},
				"fr2": {
					"rotation": {
						"0.0": [0, 0, 0],
						"1.5": [0, 0, -37.5]
					},
					"position": {
						"0.0": [0, 0, 0],
						"1.2917": [0, 0, 0]
					}
				},
				"fr3": {
					"rotation": {
						"0.0": [0, 0, 0],
						"1.5": [0, 0, -42.5]
					},