{
	"format_version": "1.8.0",
	"animations": {
		"idle": {
			"loop": true,
			"animation_length": 2,
			"bones": {
				"torso": {
					"rotation": {
						"vector": [50, 0, 0]
					},
					"position": {
						"0.0": {
							"vector": [0, 11, 0]
						},
						"1.0": {
							"vector": [0, 9, 0]
						},
						"2.0": {
							"vector": [0, 11, 0]
						}
					}
				},
				"head": {
					"rotation": {
						"vector": [-20, 0, 0]
					}
				},
				"feathers": {
					"rotation": {
						"0.0": {
							"vector": [0, 0, 0]
						},
						"1.0": {
							"vector": [12.5, 0, 0]
						},
						"2.0": {
							"vector": [0, 0, 0]
						}
					}
				},
				"rightleg": {
					"rotation": {
						"vector": [-35, 0, 0]
					}
				},
				"leftleg": {
					"rotation": {
						"vector": [-35, 0, 0]
					}
				},
				"longleg4": {
					"rotation": {
						"0.0": {
							"vector": [107.21229, -25.17145, -128.55673]
						},
						"1.0": {
							"vector": [103.65376, -27.1709, -120.50044]
						},
						"2.0": {
							"vector": [107.21229, -25.17145, -128.55673]
						}
					}
				},
				"longleglower4": {
					"rotation": {
						"0.0": {
							"vector": [0, 0, 32.5]
						},
						"1.0": {
							"vector": [0, -17.5, 32.5]
						},
						"2.0": {
							"vector": [0, 0, 32.5]
						}
					}
				},
				"longleg3": {
					"rotation": {
						"0.0": {
							"vector": [107.21229, 25.17145, 128.55673]
						},
						"1.0": {
							"vector": [103.65376, 27.1709, 120.50044]
						},
						"2.0": {
							"vector": [107.21229, 25.17145, 128.55673]
						}
					}
				},
				"longleglower3": {
					"rotation": {
						"0.0": {
							"vector": [-3.86032, 9.23186, -22.81179]
						},
						"1.0": {
							"vector": [-4.1014, 21.70196, -23.71041]
						},
						"2.0": {
							"vector": [-3.86032, 9.23186, -22.81179]
						}
					}
				},
				"longleg2": {
					"rotation": {
						"0.0": {
							"vector": [0, 132.5, 0]
						},
						"1.0": {
							"vector": [10, 132.5, 0]
						},
						"2.0": {
							"vector": [0, 132.5, 0]
						}
					}
				},
				"longleglower2": {
					"rotation": {
						"0.0": {
							"vector": [0, 12.5, 50]
						},
						"1.0": {
							"vector": [0, 22.5, 50]
						},
						"2.0": {
							"vector": [0, 12.5, 50]
						}
					}
				},
				"longleg1": {
					"rotation": {
						"0.0": {
							"vector": [0, -132, 0]
						},
						"1.0": {
							"vector": [10, -132, 0]
						},
						"2.0": {
							"vector": [0, -132, 0]
						}
					}
				},
				"longleglower1": {
					"rotation": {
						"0.0": {
							"vector": [0, -15, -50]
						},
						"1.0": {
							"vector": [0, -30, -50]
						},
						"2.0": {
							"vector": [0, -15, -50]
						}
					}
				}
			}
		},
		"death": {
			"loop": "hold_on_last_frame",
			"animation_length": 2.5,
			"bones": {
				"torso": {
					"rotation": {
						"vector": [50, 0, 0]
					},
					"position": {
						"0.0": {
							"vector": [0, 11, 0]
						},
						"2.0": {
							"vector": [0, -3, 0]
						},
						"2.5": {
							"vector": [0, -14, 0]
						}
					}
				},
				"head": {
					"rotation": {
						"vector": [-20, 0, "math.sin(query.anim_time *1800) *30"]
					}
				},
				"feathers": {
					"rotation": {
						"0.0": {
							"vector": [0, 0, 0]
						},
						"1.0": {
							"vector": [12.5, 0, 0]
						},
						"2.0": {
							"vector": [0, 0, 0]
						}
					}
				},
				"rightleg": {
					"rotation": {
						"vector": [-35, 0, 0]
					}
				},
				"leftleg": {
					"rotation": {
						"vector": [-35, 0, 0]
					}
				},
				"longleg4": {
					"rotation": {
						"0.0": {
							"vector": [107.21229, -25.17145, -128.55673]
						},
						"1.0": {
							"vector": ["103.6537630775 + math.sin(query.anim_time*2000) *10", -27.1709, -120.50044]
						},
						"2.5": {
							"vector": [97.00279, -29.42443, -106.52702]
						}
					}
				},
				"longleglower4": {
					"rotation": {
						"0.0": {
							"vector": [0, 0, 32.5]
						},
						"1.0": {
							"vector": [0, 30, 32.5]
						}
					}
				},
				"longleg3": {
					"rotation": {
						"0.0": {
							"vector": [107.21229, 25.17145, 128.55673]
						},
						"1.0": {
							"vector": ["103.6537630775 + math.sin(query.anim_time*2000) *10", 27.1709, 120.50044]
						},
						"2.5": {
							"vector": [95.59311, 29.69875, 103.67016]
						}
					}
				},
				"longleglower3": {
					"rotation": {
						"0.0": {
							"vector": [-3.86032, 9.23186, -22.81179]
						},
						"1.0": {
							"vector": [-4.43115, -30.6722, -19.92778]
						}
					}
				},
				"longleg2": {
					"rotation": {
						"0.0": {
							"vector": [0, 132.5, 0]
						},
						"1.0": {
							"vector": ["10  + math.sin(query.anim_time*2000) *10", 132.5, 0]
						},
						"2.5": {
							"vector": [-150, 47.5, -180]
						}
					}
				},
				"longleglower2": {
					"rotation": {
						"0.0": {
							"vector": [0, 12.5, 50]
						},
						"1.0": {
							"vector": [0, -30, 50]
						}
					}
				},
				"longleg1": {
					"rotation": {
						"0.0": {
							"vector": [0, -132, 0]
						},
						"1.0": {
							"vector": ["10  + math.sin(query.anim_time*2000) *10", -132, 0]
						}
					}
				},
				"longleglower1": {
					"rotation": {
						"0.0": {
							"vector": [0, -15, -50]
						},
						"1.0": {
							"vector": [0, 27.5, -50]
						}
					}
				},
				"rightunderleg": {
					"rotation": {
						"0.0": {
							"vector": [0, 0, 0]
						},
						"2.5": {
							"vector": [85, 0, 0]
						}
					}
				},
				"leftarm": {
					"rotation": {
						"1.0": {
							"vector": [0, 0, "math.sin(query.anim_time*2000) *10"]
						},
						"2.0": {
							"vector": [-67.5, 0, 0]
						}
					}
				},
				"rightarm": {
					"rotation": {
						"1.0": {
							"vector": [0, 0, "Math.sin(query.anim_time*2000) *10"]
						},
						"2.0": {
							"vector": [-90, 0, 0]
						}
					}
				},
				"leftunderleg": {
					"rotation": {
						"vector": [52.5, 0, 0]
					}
				}
			}
		},
		"walk": {
			"loop": true,
			"animation_length": 3,
			"bones": {
				"torso": {
					"rotation": {
						"vector": [50, 0, 0]
					},
					"position": {
						"0.0": {
							"vector": [0, 11, 0]
						},
						"1.0": {
							"vector": [0, 9, 0]
						},
						"2.0": {
							"vector": [0, 11, 0]
						},
						"2.5": {
							"vector": [0, 9, 0]
						},
						"3.0": {
							"vector": [0, 11, 0]
						}
					}
				},
				"head": {
					"rotation": {
						"vector": [-20, 0, 0]
					}
				},
				"feathers": {
					"rotation": {
						"0.0": {
							"vector": [0, 0, 0]
						},
						"1.0": {
							"vector": [12.5, 0, 0]
						},
						"2.0": {
							"vector": [0, 0, 0]
						}
					}
				},
				"rightleg": {
					"rotation": {
						"vector": [-35, 0, 0]
					}
				},
				"leftleg": {
					"rotation": {
						"vector": [-35, 0, 0]
					}
				},
				"longleg4": {
					"rotation": {
						"0.0": {
							"vector": [107.21229, -25.17145, -128.55673]
						},
						"1.0": {
							"vector": [121.15376, -27.1709, -120.50044]
						},
						"2.0": {
							"vector": [84.71229, -25.17145, -128.55673]
						},
						"3.0": {
							"vector": [107.21229, -25.17145, -128.55673]
						}
					}
				},
				"longleglower4": {
					"rotation": {
						"0.0": {
							"vector": [0, 0, 32.5]
						},
						"1.0": {
							"vector": [0, -17.5, 32.5]
						},
						"2.0": {
							"vector": [0, 0, 32.5]
						}
					}
				},
				"longleg3": {
					"rotation": {
						"0.0": {
							"vector": [107.21229, 25.17145, 128.55673]
						},
						"1.0": {
							"vector": [73.65376, 27.1709, 120.50044]
						},
						"2.0": {
							"vector": [144.71229, 25.17145, 128.55673]
						},
						"3.0": {
							"vector": [107.21229, 25.17145, 128.55673]
						}
					}
				},
				"longleglower3": {
					"rotation": {
						"0.0": {
							"vector": [-3.86032, 9.23186, -22.81179]
						},
						"1.0": {
							"vector": [-4.1014, 21.70196, -23.71041]
						},